Sport,Competition,Name,Event,Home,Away,Date,End Date,Epoch Time,Primary Location,Secondary Location
Rugby,Six Nations,,,Wales,France,,,1773587400,Millennium Stadium,Cardiff
Rugby,Six Nations,,,England,Ireland,,,1771683000,Twickenham,London
Rugby,Six Nations,,,Wales,Scotland,,,1771692000,Millennium Stadium,Cardiff
Rugby,Six Nations,,,France,Italy,,,1771773000,Stade Pierre Mauroy,Lille
Rugby,Six Nations,,,Ireland,Wales,,,1772827800,Aviva Stadium,Dublin
Rugby,Six Nations,,,Scotland,France,,,1772892600,Murrayfield,Edinburgh
Rugby,Six Nations,,,Italy,England,,,1772901600,Stadio Olimpico,Rome
Rugby,Six Nations,,,Ireland,Scotland,,,1773497400,Aviva Stadium,Dublin
Rugby,Six Nations,,,Wales,Italy,,,1773506400,Millennium Stadium,Cardiff
Rugby,Six Nations,,,France,England,,,1773519000,Stade de France,Paris
Football,A-League Men,,,Wellington Phoenix,Auckland FC,,,1771646400,Sky Stadium,Wellington
Football,A-League Men,,,Wellington Phoenix,Sydney FC,,,1772330400,Hnry Stadium,Wellington
Football,A-League Men,,,Adelaide United,Wellington Phoenix,,,1772786100,Coopers Stadium,Adelaide
Football,A-League Men,,,Wellington Phoenix,Perth Glory,,,1773453600,Hnry Stadium,Wellington
Football,A-League Men,,,Brisbane Roar,Wellington Phoenix,,,1774065600,Suncorp Stadium,Brisbane
Football,A-League Men,,,Melbourne Victory,Wellington Phoenix,,,1775365200,AAMI Park,Melbourne
Football,A-League Men,,,Melbourne City,Wellington Phoenix,,,1775970000,AAMI Park,Melbourne
Football,A-League Men,,,Wellington Phoenix,Western Sydney Wanderers,,,1776484800,Hnry Stadium,Wellington
Football,A-League Men,,,Wellington Phoenix,Macarthur FC,,,1777023300,Apollo Projects Stadium,Christchurch
Football,A-League Women,,,Melbourne Victory,Wellington Phoenix,,,1771574400,Home of the Matildas,Melbourne
Football,A-League Women,,,Wellington Phoenix,Brisbane Roar,,,1773464400,Hnry Stadium,Wellington
Football,A-League Women,,,Sydney FC,Wellington Phoenix,,,1773993600,Leichhardt Oval,Sydney
Football,A-League Women,,,Central Coast Mariners,Wellington Phoenix,,,1774425600,Central Coast Stadium,Gosford
Football,A-League Women,,,Wellington Phoenix,Western Sydney Wanderers,,,1774753200,Porirua Park,Wellington
Football,A-League Women,,,Adelaide United,Wellington Phoenix,,,1775195400,Coopers Stadium,Adelaide
Rugby,Super Rugby Pacific,,,Hurricanes,Moana Pasifika,,,1771567500,Sky Stadium,Wellington
Rugby,Super Rugby Pacific,,,Fijian Drua,Hurricanes,,,1772249700,Churchill Park,Lautoka
Rugby,Super Rugby Pacific,,,NSW Waratahs,Hurricanes,,,1772786100,Allianz Stadium,Sydney
Rugby,Super Rugby Pacific,,,Hurricanes,Western Force,,,1773381900,McLean Park,Napier
Rugby,Super Rugby Pacific,,,Highlanders,Hurricanes,,,1773986700,Forsyth Barr Stadium,Dunedin
Rugby,Super Rugby Pacific,,,Hurricanes,Queensland Reds,,,1774668900,Hnry Stadium,Wellington
Rugby,Super Rugby Pacific,,,Hurricanes,Blues,,,1775891100,Hnry Stadium,Wellington
Rugby,Super Rugby Pacific,,,Chiefs,Hurricanes,,,1776495900,Waikato Stadium,Hamilton
Rugby,Super Rugby Pacific,,,Hurricanes,Brumbies,,,1777093500,One NZ Stadium,Christchurch
Rugby,Super Rugby Pacific,,,Hurricanes,Crusaders,,,1777619100,Hnry Stadium,Wellington
Rugby,Super Rugby Pacific,,,Moana Pasifika,Hurricanes,,,1778310300,North Harbour Stadium,Auckland
Rugby,Super Rugby Pacific,,,Blues,Hurricanes,,,1778915100,Eden Park,Auckland
Rugby,Super Rugby Pacific,,,Hurricanes,Highlanders,,,1779519900,Hnry Stadium,Wellington
Rugby,Super Rugby Pacific,,,Crusaders,Hurricanes,,,1780038300,One NZ Stadium,Christchurch
Cricket,T20 World Cup 2026,,,Canada,New Zealand,,,1771306200,M. A. Chidambaram Stadium,Chennai
Cricket,T20 Series,,,New Zealand,South Africa,,,1773555300,Bay Oval,Mount Maunganui
Cricket,T20 Series,,,New Zealand,South Africa,,,1773641700,Seddon Park,Hamilton
Cricket,T20 Series,,,New Zealand,South Africa,,,1773728100,Eden Park,Auckland
Cricket,T20 Series,,,New Zealand,South Africa,,,1773814500,Hnry Stadium,Wellington
Cricket,T20 Series,,,New Zealand,South Africa,,,1773900900,Hagley Oval,Christchurch
Football,International Friendly,,,New Zealand,Finland,,,1774591200,Eden Park,Auckland
Football,International Friendly,,,New Zealand,Chile,,,1774850400,Eden Park,Auckland
Football,FIFA World Cup,,,Iran,New Zealand,,,1781578800,Los Angeles Stadium,Los Angeles
Football,FIFA World Cup,,,New Zealand,Egypt,,,1782097200,BC Place,Vancouver
Football,FIFA World Cup,,,New Zealand,Belgium,,,1782536400,BC Place,Vancouver
Football,Premier League,,,West Ham,Bournemouth,,,1771695000,London Stadium,London
Football,Premier League,,,Liverpool,West Ham,,,1772290800,Anfield,Liverpool
Football,Premier League,,,Fulham,West Ham,,,1772652600,Craven Cottage,London
Football,Premier League,,,West Ham,Manchester City,,,1773491400,London Stadium,London
Football,Premier League,,,Aston Villa,West Ham,,,1774188900,Villa Park,Birmingham
Football,Premier League,,,West Ham,Wolves,,,1775916000,London Stadium,London
Football,Premier League,,,Crystal Palace,West Ham,,,1776520800,Selhurst Park,London
Football,Premier League,,,West Ham,Everton,,,1777125600,London Stadium,London
Football,Premier League,,,Brentford,West Ham,,,1777730400,Gtech Community Stadium,London
Football,Premier League,,,West Ham,Arsenal,,,1778335200,London Stadium,London
Football,Premier League,,,Newcastle,West Ham,,,1779026400,St. James' Park,Newcastle
Football,Premier League,,,West Ham,Leeds United,,,1779634800,London Stadium,London
Football,FA Cup,,,West Ham,Brentford,,,1772895600,London Stadium,London
Formula 1,Formula 1 World Championship,Australian Grand Prix,Practice 1,,,,,1772760600,Albert Park Circuit,Melbourne
Formula 1,Formula 1 World Championship,Australian Grand Prix,Practice 2,,,,,1772773200,Albert Park Circuit,Melbourne
Formula 1,Formula 1 World Championship,Australian Grand Prix,Practice 3,,,,,1772847000,Albert Park Circuit,Melbourne
Formula 1,Formula 1 World Championship,Australian Grand Prix,Qualifying,,,,,1772859600,Albert Park Circuit,Melbourne
Formula 1,Formula 1 World Championship,Australian Grand Prix,Race,,,,,1772942400,Albert Park Circuit,Melbourne
Formula 1,Formula 1 World Championship,Chinese Grand Prix,Practice 1,,,,,1773372600,Shanghai International Circuit,Shanghai
Formula 1,Formula 1 World Championship,Chinese Grand Prix,Sprint Qualifying,,,,,1773387000,Shanghai International Circuit,Shanghai
Formula 1,Formula 1 World Championship,Chinese Grand Prix,Sprint,,,,,1773457200,Shanghai International Circuit,Shanghai
Formula 1,Formula 1 World Championship,Chinese Grand Prix,Qualifying,,,,,1773471600,Shanghai International Circuit,Shanghai
Formula 1,Formula 1 World Championship,Chinese Grand Prix,Race,,,,,1773558000,Shanghai International Circuit,Shanghai
Formula 1,Formula 1 World Championship,Japanese Grand Prix,Practice 1,,,,,1774578600,Suzuka Circuit,Suzuka
Formula 1,Formula 1 World Championship,Japanese Grand Prix,Practice 2,,,,,1774591200,Suzuka Circuit,Suzuka
Formula 1,Formula 1 World Championship,Japanese Grand Prix,Practice 3,,,,,1774665000,Suzuka Circuit,Suzuka
Formula 1,Formula 1 World Championship,Japanese Grand Prix,Qualifying,,,,,1774677600,Suzuka Circuit,Suzuka
Formula 1,Formula 1 World Championship,Japanese Grand Prix,Race,,,,,1774760400,Suzuka Circuit,Suzuka
Formula 1,Formula 1 World Championship,Bahrain Grand Prix,Practice 1,,,,,1775820600,Bahrain International Circuit,Sakhir
Formula 1,Formula 1 World Championship,Bahrain Grand Prix,Practice 2,,,,,1775833200,Bahrain International Circuit,Sakhir
Formula 1,Formula 1 World Championship,Bahrain Grand Prix,Practice 3,,,,,1775910600,Bahrain International Circuit,Sakhir
Formula 1,Formula 1 World Championship,Bahrain Grand Prix,Qualifying,,,,,1775923200,Bahrain International Circuit,Sakhir
Formula 1,Formula 1 World Championship,Bahrain Grand Prix,Race,,,,,1776006000,Bahrain International Circuit,Sakhir
Formula 1,Formula 1 World Championship,Saudi Arabian Grand Prix,Practice 1,,,,,1776432600,Jeddah Corniche Circuit,Jeddah
Formula 1,Formula 1 World Championship,Saudi Arabian Grand Prix,Practice 2,,,,,1776445200,Jeddah Corniche Circuit,Jeddah
Formula 1,Formula 1 World Championship,Saudi Arabian Grand Prix,Practice 3,,,,,1776519000,Jeddah Corniche Circuit,Jeddah
Formula 1,Formula 1 World Championship,Saudi Arabian Grand Prix,Qualifying,,,,,1776531600,Jeddah Corniche Circuit,Jeddah
Formula 1,Formula 1 World Championship,Saudi Arabian Grand Prix,Race,,,,,1776618000,Jeddah Corniche Circuit,Jeddah
Formula 1,Formula 1 World Championship,Miami Grand Prix,Practice 1,,,,,1777653000,Miami International Autodrome,Miami Marlins
Formula 1,Formula 1 World Championship,Miami Grand Prix,Sprint Qualifying,,,,,1777667400,Miami International Autodrome,Miami Marlins
Formula 1,Formula 1 World Championship,Miami Grand Prix,Sprint,,,,,1777737600,Miami International Autodrome,Miami Marlins
Formula 1,Formula 1 World Championship,Miami Grand Prix,Qualifying,,,,,1777752000,Miami International Autodrome,Miami Marlins
Formula 1,Formula 1 World Championship,Miami Grand Prix,Race,,,,,1777838400,Miami International Autodrome,Miami Marlins
Formula 1,Formula 1 World Championship,Canadian Grand Prix,Practice 1,,,,,1779467400,Circuit Gilles-Villeneuve,Montreal
Formula 1,Formula 1 World Championship,Canadian Grand Prix,Sprint Qualifying,,,,,1779481800,Circuit Gilles-Villeneuve,Montreal
Formula 1,Formula 1 World Championship,Canadian Grand Prix,Sprint,,,,,1779552000,Circuit Gilles-Villeneuve,Montreal
Formula 1,Formula 1 World Championship,Canadian Grand Prix,Qualifying,,,,,1779566400,Circuit Gilles-Villeneuve,Montreal
Formula 1,Formula 1 World Championship,Canadian Grand Prix,Race,,,,,1779652800,Circuit Gilles-Villeneuve,Montreal
Formula 1,Formula 1 World Championship,Monaco Grand Prix,Practice 1,,,,,1780659000,Circuit de Monaco,Monaco
Formula 1,Formula 1 World Championship,Monaco Grand Prix,Practice 2,,,,,1780671600,Circuit de Monaco,Monaco
Formula 1,Formula 1 World Championship,Monaco Grand Prix,Practice 3,,,,,1780741800,Circuit de Monaco,Monaco
Formula 1,Formula 1 World Championship,Monaco Grand Prix,Qualifying,,,,,1780754400,Circuit de Monaco,Monaco
Formula 1,Formula 1 World Championship,Monaco Grand Prix,Race,,,,,1780837200,Circuit de Monaco,Monaco
Formula 1,Formula 1 World Championship,Barcelona-Catalunya Grand Prix,Practice 1,,,,,1781263800,Circuit de Barcelona-Catalunya,Barcelona
Formula 1,Formula 1 World Championship,Barcelona-Catalunya Grand Prix,Practice 2,,,,,1781276400,Circuit de Barcelona-Catalunya,Barcelona
Formula 1,Formula 1 World Championship,Barcelona-Catalunya Grand Prix,Practice 3,,,,,1781346600,Circuit de Barcelona-Catalunya,Barcelona
Formula 1,Formula 1 World Championship,Barcelona-Catalunya Grand Prix,Qualifying,,,,,1781359200,Circuit de Barcelona-Catalunya,Barcelona
Formula 1,Formula 1 World Championship,Barcelona-Catalunya Grand Prix,Race,,,,,1781442000,Circuit de Barcelona-Catalunya,Barcelona
Formula 1,Formula 1 World Championship,Austrian Grand Prix,Practice 1,,,,,1782473400,Red Bull Ring,Spielberg
Formula 1,Formula 1 World Championship,Austrian Grand Prix,Practice 2,,,,,1782486000,Red Bull Ring,Spielberg
Formula 1,Formula 1 World Championship,Austrian Grand Prix,Practice 3,,,,,1782556200,Red Bull Ring,Spielberg
Formula 1,Formula 1 World Championship,Austrian Grand Prix,Qualifying,,,,,1782568800,Red Bull Ring,Spielberg
Formula 1,Formula 1 World Championship,Austrian Grand Prix,Race,,,,,1782651600,Red Bull Ring,Spielberg
Formula 1,Formula 1 World Championship,British Grand Prix,Practice 1,,,,,1783078200,Silverstone Circuit,Silverstone
Formula 1,Formula 1 World Championship,British Grand Prix,Practice 2,,,,,1783092600,Silverstone Circuit,Silverstone
Formula 1,Formula 1 World Championship,British Grand Prix,Practice 3,,,,,1783162800,Silverstone Circuit,Silverstone
Formula 1,Formula 1 World Championship,British Grand Prix,Qualifying,,,,,1783177200,Silverstone Circuit,Silverstone
Formula 1,Formula 1 World Championship,British Grand Prix,Race,,,,,1783260000,Silverstone Circuit,Silverstone
Formula 1,Formula 1 World Championship,Belgian Grand Prix,Practice 1,,,,,1784287800,Circuit de Spa-Francorchamps,Stavelot
Formula 1,Formula 1 World Championship,Belgian Grand Prix,Practice 2,,,,,1784300400,Circuit de Spa-Francorchamps,Stavelot
Formula 1,Formula 1 World Championship,Belgian Grand Prix,Practice 3,,,,,1784370600,Circuit de Spa-Francorchamps,Stavelot
Formula 1,Formula 1 World Championship,Belgian Grand Prix,Qualifying,,,,,1784383200,Circuit de Spa-Francorchamps,Stavelot
Formula 1,Formula 1 World Championship,Belgian Grand Prix,Race,,,,,1783861200,Circuit de Spa-Francorchamps,Stavelot
Formula 1,Formula 1 World Championship,Hungarian Grand Prix,Practice 1,,,,,1784892600,Hungaroring,Mogyoród
Formula 1,Formula 1 World Championship,Hungarian Grand Prix,Practice 2,,,,,1784905200,Hungaroring,Mogyoród
Formula 1,Formula 1 World Championship,Hungarian Grand Prix,Practice 3,,,,,1784975400,Hungaroring,Mogyoród
Formula 1,Formula 1 World Championship,Hungarian Grand Prix,Qualifying,,,,,1784988000,Hungaroring,Mogyoród
Formula 1,Formula 1 World Championship,Hungarian Grand Prix,Race,,,,,1785070800,Hungaroring,Mogyoród
Formula 1,Formula 1 World Championship,Dutch Grand Prix,Practice 1,,,,,1787308200,Circuit Zandvoort,Zandvoort
Formula 1,Formula 1 World Championship,Dutch Grand Prix,Sprint Qualifying,,,,,1787322600,Circuit Zandvoort,Zandvoort
Formula 1,Formula 1 World Championship,Dutch Grand Prix,Sprint,,,,,1787392800,Circuit Zandvoort,Zandvoort
Formula 1,Formula 1 World Championship,Dutch Grand Prix,Qualifying,,,,,1787407200,Circuit Zandvoort,Zandvoort
Formula 1,Formula 1 World Championship,Dutch Grand Prix,Race,,,,,1787490000,Circuit Zandvoort,Zandvoort
Formula 1,Formula 1 World Championship,Italian Grand Prix,Practice 1,,,,,1788517800,Autodromo Nazionale Monza,Monza
Formula 1,Formula 1 World Championship,Italian Grand Prix,Practice 2,,,,,1788530400,Autodromo Nazionale Monza,Monza
Formula 1,Formula 1 World Championship,Italian Grand Prix,Practice 3,,,,,1788604200,Autodromo Nazionale Monza,Monza
Formula 1,Formula 1 World Championship,Italian Grand Prix,Qualifying,,,,,1788616800,Autodromo Nazionale Monza,Monza
Formula 1,Formula 1 World Championship,Italian Grand Prix,Race,,,,,1788699600,Autodromo Nazionale Monza,Monza
Formula 1,Formula 1 World Championship,Spanish Grand Prix,Practice 1,,,,,1789126200,Madring,Madrid
Formula 1,Formula 1 World Championship,Spanish Grand Prix,Practice 2,,,,,1789138800,Madring,Madrid
Formula 1,Formula 1 World Championship,Spanish Grand Prix,Practice 3,,,,,1789209000,Madring,Madrid
Formula 1,Formula 1 World Championship,Spanish Grand Prix,Qualifying,,,,,1789221600,Madring,Madrid
Formula 1,Formula 1 World Championship,Spanish Grand Prix,Race,,,,,1789304400,Madring,Madrid
Formula 1,Formula 1 World Championship,Azerbaijan Grand Prix,Practice 1,,,,,1790238600,Baku City Circuit,Baku
Formula 1,Formula 1 World Championship,Azerbaijan Grand Prix,Practice 2,,,,,1790251200,Baku City Circuit,Baku
Formula 1,Formula 1 World Championship,Azerbaijan Grand Prix,Practice 3,,,,,1790325000,Baku City Circuit,Baku
Formula 1,Formula 1 World Championship,Azerbaijan Grand Prix,Qualifying,,,,,1790337600,Baku City Circuit,Baku
Formula 1,Formula 1 World Championship,Azerbaijan Grand Prix,Race,,,,,1790420400,Baku City Circuit,Baku
Formula 1,Formula 1 World Championship,Singapore Grand Prix,Practice 1,,,,,1791534600,Marina Bay Street Circuit,Singapore
Formula 1,Formula 1 World Championship,Singapore Grand Prix,Sprint Qualifying,,,,,1791549000,Marina Bay Street Circuit,Singapore
Formula 1,Formula 1 World Championship,Singapore Grand Prix,Sprint,,,,,1791622800,Marina Bay Street Circuit,Singapore
Formula 1,Formula 1 World Championship,Singapore Grand Prix,Qualifying,,,,,1791637200,Marina Bay Street Circuit,Singapore
Formula 1,Formula 1 World Championship,Singapore Grand Prix,Race,,,,,1791720000,Marina Bay Street Circuit,Singapore
Formula 1,Formula 1 World Championship,United States Grand Prix,Practice 1,,,,,1792776600,Circuit of The Americas,Austin
Formula 1,Formula 1 World Championship,United States Grand Prix,Practice 2,,,,,1792789200,Circuit of The Americas,Austin
Formula 1,Formula 1 World Championship,United States Grand Prix,Practice 3,,,,,1792863000,Circuit of The Americas,Austin
Formula 1,Formula 1 World Championship,United States Grand Prix,Qualifying,,,,,1792875600,Circuit of The Americas,Austin
Formula 1,Formula 1 World Championship,United States Grand Prix,Race,,,,,1792958400,Circuit of The Americas,Austin
Formula 1,Formula 1 World Championship,Mexican Grand Prix,Practice 1,,,,,1793385000,Autódromo Hermanos Rodríguez,Mexico City
Formula 1,Formula 1 World Championship,Mexican Grand Prix,Practice 2,,,,,1793397600,Autódromo Hermanos Rodríguez,Mexico City
Formula 1,Formula 1 World Championship,Mexican Grand Prix,Practice 3,,,,,1793467800,Autódromo Hermanos Rodríguez,Mexico City
Formula 1,Formula 1 World Championship,Mexican Grand Prix,Qualifying,,,,,1793480400,Autódromo Hermanos Rodríguez,Mexico City
Formula 1,Formula 1 World Championship,Mexican Grand Prix,Race,,,,,1793563200,Autódromo Hermanos Rodríguez,Mexico City
Formula 1,Formula 1 World Championship,São Paulo Grand Prix,Practice 1,,,,,1793979000,Autódromo José Carlos Pace,São Paulo
Formula 1,Formula 1 World Championship,São Paulo Grand Prix,Practice 2,,,,,1793991600,Autódromo José Carlos Pace,São Paulo
Formula 1,Formula 1 World Championship,São Paulo Grand Prix,Practice 3,,,,,1794061800,Autódromo José Carlos Pace,São Paulo
Formula 1,Formula 1 World Championship,São Paulo Grand Prix,Qualifying,,,,,1794074400,Autódromo José Carlos Pace,São Paulo
Formula 1,Formula 1 World Championship,São Paulo Grand Prix,Race,,,,,1794157200,Autódromo José Carlos Pace,São Paulo
Formula 1,Formula 1 World Championship,Las Vegas Grand Prix,Practice 1,,,,,1795134600,Las Vegas Strip Circuit,Las Vegas
Formula 1,Formula 1 World Championship,Las Vegas Grand Prix,Practice 2,,,,,1795147200,Las Vegas Strip Circuit,Las Vegas
Formula 1,Formula 1 World Championship,Las Vegas Grand Prix,Practice 3,,,,,1795221000,Las Vegas Strip Circuit,Las Vegas
Formula 1,Formula 1 World Championship,Las Vegas Grand Prix,Qualifying,,,,,1795233600,Las Vegas Strip Circuit,Las Vegas
Formula 1,Formula 1 World Championship,Las Vegas Grand Prix,Race,,,,,1795320000,Las Vegas Strip Circuit,Las Vegas
Formula 1,Formula 1 World Championship,Qatar Grand Prix,Practice 1,,,,,1795786200,Lusail International Circuit,Lusail
Formula 1,Formula 1 World Championship,Qatar Grand Prix,Practice 2,,,,,1795798800,Lusail International Circuit,Lusail
Formula 1,Formula 1 World Championship,Qatar Grand Prix,Practice 3,,,,,1795876200,Lusail International Circuit,Lusail
Formula 1,Formula 1 World Championship,Qatar Grand Prix,Qualifying,,,,,1795888800,Lusail International Circuit,Lusail
Formula 1,Formula 1 World Championship,Qatar Grand Prix,Race,,,,,1795968000,Lusail International Circuit,Lusail
Cycling,Tour de France,Stage 1,Team time trial,,,04/07/2026,,,Barcelona,Barcelona
Cycling,Tour de France,Stage 2,Hilly stage,,,05/07/2026,,,Tarragona,Barcelona
Cycling,Tour de France,Stage 3,Mountain stage,,,06/07/2026,,,Granollers,Les Angles
Cycling,Tour de France,Stage 4,Hilly stage,,,07/07/2026,,,Carcassonne,Foix
Cycling,Tour de France,Stage 5,Flat stage,,,08/07/2026,,,Lannemezan,Pau
Cycling,Tour de France,Stage 6,Mountain stage,,,09/07/2026,,,Pau,Gavarnie-Gèdre
Cycling,Tour de France,Stage 7,Flat stage,,,10/07/2026,,,Hagetmau,Bordeaux
Cycling,Tour de France,Stage 8,Flat stage,,,11/07/2026,,,Périgueux,Bergerac
Cycling,Tour de France,Stage 9,Hilly stage,,,12/07/2026,,,Malemort,Ussel
Cycling,Tour de France,Stage 10,Mountain stage,,,14/07/2026,,,Aurillac,Le Lioran
Cycling,Tour de France,Stage 11,Flat stage,,,15/07/2026,,,Vichy,Nevers
Cycling,Tour de France,Stage 12,Flat stage,,,16/07/2026,,,Circuit de Nevers Magny-Cours,Chalon-sur-Saône
Cycling,Tour de France,Stage 13,Hilly stage,,,17/07/2026,,,Dole,Belfort
Cycling,Tour de France,Stage 14,Mountain stage,,,18/07/2026,,,Mulhouse,Le Markstein Fellering
Cycling,Tour de France,Stage 15,Mountain stage,,,19/07/2026,,,Champagnole,Plateau de Solaison
Cycling,Tour de France,Stage 16,Individual time trial,,,21/07/2026,,,Évian-les-Bains,Thonon-les-Bains
Cycling,Tour de France,Stage 17,Flat stage,,,22/07/2026,,,Chambéry,Voiron
Cycling,Tour de France,Stage 18,Mountain stage,,,23/07/2026,,,Voiron,Orcières-Merlette
Cycling,Tour de France,Stage 19,Mountain stage,,,24/07/2026,,,Gap,Alpe d'Huez
Cycling,Tour de France,Stage 20,Mountain stage,,,25/07/2026,,,Le Bourg-d'Oisans,Alpe d'Huez
Cycling,Tour de France,Stage 21,Flat stage,,,26/07/2026,,,Thoiry,Paris (Champs-Élysées)
Cricket,Test Series,,,England,New Zealand,04/06/2026,09/06/2026,1780567200,Lord's,London
Cricket,Test Series,,,England,New Zealand,17/06/2026,22/06/2026,1781690400,The Oval,London
Cricket,Test Series,,,England,New Zealand,25/06/2026,30/06/2026,1782381600,Trent Bridge,West Bridgford
Cricket,T20 World Cup 2026,,,New Zealand,Pakistan,,,1771680600,R. Premadasa Stadium,Colombo
Cricket,T20 World Cup 2026,,,Sri Lanka,New Zealand,,,1772026200,R. Premadasa Stadium,Colombo
Cricket,T20 World Cup 2026,,,England,New Zealand,,,1772199000,R. Premadasa Stadium,Colombo
Baseball,MLB,,,Toronto Blue Jays,Athletics,,,1774652820,Rogers Centre,Toronto
Baseball,MLB,,,Toronto Blue Jays,Athletics,,,1774724820,Rogers Centre,Toronto
Baseball,MLB,,,Toronto Blue Jays,Athletics,,,1774805820,Rogers Centre,Toronto
Baseball,MLB,,,Toronto Blue Jays,Colorado Rockies,,,1774912020,Rogers Centre,Toronto
Baseball,MLB,,,Toronto Blue Jays,Colorado Rockies,,,1774998420,Rogers Centre,Toronto
Baseball,MLB,,,Toronto Blue Jays,Colorado Rockies,,,1775063220,Rogers Centre,Toronto
Baseball,MLB,,,Chicago White Sox,Toronto Blue Jays,,,1775160600,Rate Field,Chicago
Baseball,MLB,,,Chicago White Sox,Toronto Blue Jays,,,1775326200,Rate Field,Chicago
Baseball,MLB,,,Chicago White Sox,Toronto Blue Jays,,,1775412600,Rate Field,Chicago
Baseball,MLB,,,Toronto Blue Jays,Los Angeles Dodgers,,,1775516820,Rogers Centre,Toronto
Baseball,MLB,,,Toronto Blue Jays,Los Angeles Dodgers,,,1775603220,Rogers Centre,Toronto
Baseball,MLB,,,Toronto Blue Jays,Los Angeles Dodgers,,,1775675220,Rogers Centre,Toronto
Baseball,MLB,,,Toronto Blue Jays,Minnesota Twins,,,1775862420,Rogers Centre,Toronto
Baseball,MLB,,,Toronto Blue Jays,Minnesota Twins,,,1775934420,Rogers Centre,Toronto
Baseball,MLB,,,Toronto Blue Jays,Minnesota Twins,,,1776015420,Rogers Centre,Toronto
Baseball,MLB,,,Milwaukee Brewers,Toronto Blue Jays,,,1776210000,American Family Field,Milwaukee
Baseball,MLB,,,Milwaukee Brewers,Toronto Blue Jays,,,1776296400,American Family Field,Milwaukee
Baseball,MLB,,,Milwaukee Brewers,Toronto Blue Jays,,,1776361200,American Family Field,Milwaukee
Baseball,MLB,,,Arizona Diamondbacks,Toronto Blue Jays,,,1776476400,Chase Field,Phoenix
Baseball,MLB,,,Arizona Diamondbacks,Toronto Blue Jays,,,1776557400,Chase Field,Phoenix
Baseball,MLB,,,Arizona Diamondbacks,Toronto Blue Jays,,,1776629400,Chase Field,Phoenix
Baseball,MLB,,,Los Angeles Angles,Toronto Blue Jays,,,1776735480,Angel Stadium,Los Angeles
Baseball,MLB,,,Los Angeles Angles,Toronto Blue Jays,,,1776821880,Angel Stadium,Los Angeles
Baseball,MLB,,,Los Angeles Angles,Toronto Blue Jays,,,1776884820,Angel Stadium,Los Angeles
Baseball,MLB,,,Toronto Blue Jays,Cleveland Guardians,,,1777072020,Rogers Centre,Toronto
Baseball,MLB,,,Toronto Blue Jays,Cleveland Guardians,,,1777144020,Rogers Centre,Toronto
Baseball,MLB,,,Toronto Blue Jays,Cleveland Guardians,,,1777225020,Rogers Centre,Toronto
Baseball,MLB,,,Toronto Blue Jays,Boston Red Sox,,,1777331220,Rogers Centre,Toronto
Baseball,MLB,,,Toronto Blue Jays,Boston Red Sox,,,1777417620,Rogers Centre,Toronto
Baseball,MLB,,,Toronto Blue Jays,Boston Red Sox,,,1777489620,Rogers Centre,Toronto
Baseball,MLB,,,Minnesota Twins,Toronto Blue Jays,,,1777592400,Target Field,Minneapolis
Baseball,MLB,,,Minnesota Twins,Toronto Blue Jays,,,1777680600,Target Field,Minneapolis
Baseball,MLB,,,Minnesota Twins,Toronto Blue Jays,,,1777745400,Target Field,Minneapolis
Baseball,MLB,,,Minnesota Twins,Toronto Blue Jays,,,1777826100,Target Field,Minneapolis
Baseball,MLB,,,Tampa Bay Rays,Toronto Blue Jays,,,1777934400,Tropicana Field,Saint Petersburg
Baseball,MLB,,,Tampa Bay Rays,Toronto Blue Jays,,,1778020800,Tropicana Field,Saint Petersburg
Baseball,MLB,,,Tampa Bay Rays,Toronto Blue Jays,,,1778087400,Tropicana Field,Saint Petersburg
Baseball,MLB,,,Toronto Blue Jays,Los Angeles Angels,,,1778281620,Rogers Centre,Toronto
Baseball,MLB,,,Toronto Blue Jays,Los Angeles Angels,,,1778353620,Rogers Centre,Toronto
Baseball,MLB,,,Toronto Blue Jays,Los Angeles Angels,,,1778434620,Rogers Centre,Toronto
Baseball,MLB,,,Toronto Blue Jays,Tampa Bay Rays,,,1778540820,Rogers Centre,Toronto
Baseball,MLB,,,Toronto Blue Jays,Tampa Bay Rays,,,1778627220,Rogers Centre,Toronto
Baseball,MLB,,,Toronto Blue Jays,Tampa Bay Rays,,,1778713620,Rogers Centre,Toronto
Baseball,MLB,,,Detroit Tigers,Toronto Blue Jays,,,1778884800,Comerica Park,Detroit
Baseball,MLB,,,Detroit Tigers,Toronto Blue Jays,,,1778951400,Comerica Park,Detroit
Baseball,MLB,,,Detroit Tigers,Toronto Blue Jays,,,1779039600,Comerica Park,Detroit
Baseball,MLB,,,New York Yankees,Toronto Blue Jays,,,1779145500,Yankee Stadium,New York City
Baseball,MLB,,,New York Yankees,Toronto Blue Jays,,,1779231900,Yankee Stadium,New York City
Baseball,MLB,,,New York Yankees,Toronto Blue Jays,,,1779318300,Yankee Stadium,New York City
Baseball,MLB,,,New York Yankees,Toronto Blue Jays,,,1779404700,Yankee Stadium,New York City
Baseball,MLB,,,Toronto Blue Jays,Pittsburgh Pirates,,,1779491220,Rogers Centre,Toronto
Baseball,MLB,,,Toronto Blue Jays,Pittsburgh Pirates,,,1779563220,Rogers Centre,Toronto
Baseball,MLB,,,Toronto Blue Jays,Pittsburgh Pirates,,,1779639300,Rogers Centre,Toronto
Baseball,MLB,,,Toronto Blue Jays,Miami Marlins,,,1779750420,Rogers Centre,Toronto
Baseball,MLB,,,Toronto Blue Jays,Miami Marlins,,,1779836820,Rogers Centre,Toronto
Baseball,MLB,,,Toronto Blue Jays,Miami Marlins,,,1779901620,Rogers Centre,Toronto
Baseball,MLB,,,Baltimore Orioles,Toronto Blue Jays,,,1780007700,Oriole Park at Camden Yards,Baltimore
Baseball,MLB,,,Baltimore Orioles,Toronto Blue Jays,,,1780095900,Oriole Park at Camden Yards,Baltimore
Baseball,MLB,,,Baltimore Orioles,Toronto Blue Jays,,,1780171500,Oriole Park at Camden Yards,Baltimore
Baseball,MLB,,,Baltimore Orioles,Toronto Blue Jays,,,1780244100,Oriole Park at Camden Yards,Baltimore
Baseball,MLB,,,Atlanta Braves,Toronto Blue Jays,,,1780442100,Truist Park,Atlanta
Baseball,MLB,,,Atlanta Braves,Toronto Blue Jays,,,1780528500,Truist Park,Atlanta
Baseball,MLB,,,Atlanta Braves,Toronto Blue Jays,,,1780614900,Truist Park,Atlanta
Baseball,MLB,,,Toronto Blue Jays,Baltimore Orioles,,,1780700820,Rogers Centre,Toronto
Baseball,MLB,,,Toronto Blue Jays,Baltimore Orioles,,,1780772820,Rogers Centre,Toronto
Baseball,MLB,,,Toronto Blue Jays,Baltimore Orioles,,,1780853820,Rogers Centre,Toronto
Baseball,MLB,,,Toronto Blue Jays,Philadelphia Phillies,,,1780960020,Rogers Centre,Toronto
Baseball,MLB,,,Toronto Blue Jays,Philadelphia Phillies,,,1781046420,Rogers Centre,Toronto
Baseball,MLB,,,Toronto Blue Jays,Philadelphia Phillies,,,1781132820,Rogers Centre,Toronto
Baseball,MLB,,,Toronto Blue Jays,New York Yankees,,,1781307420,Rogers Centre,Toronto
Baseball,MLB,,,Toronto Blue Jays,New York Yankees,,,1781377620,Rogers Centre,Toronto
Baseball,MLB,,,Toronto Blue Jays,New York Yankees,,,1781458620,Rogers Centre,Toronto
Baseball,MLB,,,Boston Red Sox,Toronto Blue Jays,,,1781649900,Fenway Park,Boston
Baseball,MLB,,,Boston Red Sox,Toronto Blue Jays,,,1781736300,Fenway Park,Boston
Baseball,MLB,,,Boston Red Sox,Toronto Blue Jays,,,1781804100,Fenway Park,Boston
Baseball,MLB,,,Chicago Cubs,Toronto Blue Jays,,,1781893200,Wrigley Field,Chicago
Baseball,MLB,,,Chicago Cubs,Toronto Blue Jays,,,1781979600,Wrigley Field,Chicago
Baseball,MLB,,,Chicago Cubs,Toronto Blue Jays,,,1782066000,Wrigley Field,Chicago
Baseball,MLB,,,Toronto Blue Jays,Houston Astros,,,1782169620,Rogers Centre,Toronto
Baseball,MLB,,,Toronto Blue Jays,Houston Astros,,,1782256020,Rogers Centre,Toronto
Baseball,MLB,,,Toronto Blue Jays,Houston Astros,,,1782342420,Rogers Centre,Toronto
Baseball,MLB,,,Toronto Blue Jays,Texas Rangers,,,1782428820,Rogers Centre,Toronto
Baseball,MLB,,,Toronto Blue Jays,Texas Rangers,,,1782515220,Rogers Centre,Toronto
Baseball,MLB,,,Toronto Blue Jays,Texas Rangers,,,1782587220,Rogers Centre,Toronto
Baseball,MLB,,,Toronto Blue Jays,Texas Rangers,,,1782668220,Rogers Centre,Toronto
Baseball,MLB,,,Toronto Blue Jays,New York Mets,,,1782774420,Rogers Centre,Toronto
Baseball,MLB,,,Toronto Blue Jays,New York Mets,,,1782860820,Rogers Centre,Toronto
Baseball,MLB,,,Toronto Blue Jays,New York Mets,,,1782932820,Rogers Centre,Toronto
Baseball,MLB,,,Seattle Mariners,Toronto Blue Jays,,,1783131000,T-Mobile Park,Seattle
Baseball,MLB,,,Seattle Mariners,Toronto Blue Jays,,,1783195800,T-Mobile Park,Seattle
Baseball,MLB,,,Seattle Mariners,Toronto Blue Jays,,,1783285200,T-Mobile Park,Seattle
Baseball,MLB,,,San Francisco Giants,Toronto Blue Jays,,,1783388700,Oracle Park,San Francisco
Baseball,MLB,,,San Francisco Giants,Toronto Blue Jays,,,1783475100,Oracle Park,San Francisco
Baseball,MLB,,,San Francisco Giants,Toronto Blue Jays,,,1783539900,Oracle Park,San Francisco
Baseball,MLB,,,San Diego Padres,Toronto Blue Jays,,,1783734000,Petco Park,San Diego
Baseball,MLB,,,San Diego Padres,Toronto Blue Jays,,,1783816800,Petco Park,San Diego
Baseball,MLB,,,San Diego Padres,Toronto Blue Jays,,,1783887000,Petco Park,San Diego
Baseball,MLB,,,Toronto Blue Jays,Chicago White Sox,,,1784329620,Rogers Centre,Toronto
Baseball,MLB,,,Toronto Blue Jays,Chicago White Sox,,,1784401620,Rogers Centre,Toronto
Baseball,MLB,,,Toronto Blue Jays,Chicago White Sox,,,1784477400,Rogers Centre,Toronto
Baseball,MLB,,,Toronto Blue Jays,Tampa Bay Rays,,,1784588820,Rogers Centre,Toronto
Baseball,MLB,,,Toronto Blue Jays,Tampa Bay Rays,,,1784675220,Rogers Centre,Toronto
Baseball,MLB,,,Toronto Blue Jays,Tampa Bay Rays,,,1784761620,Rogers Centre,Toronto
Baseball,MLB,,,Toronto Blue Jays,Tampa Bay Rays,,,1784833620,Rogers Centre,Toronto
Baseball,MLB,,,Boston Red Sox,Toronto Blue Jays,,,1784934600,Fenway Park,Boston
Baseball,MLB,,,Boston Red Sox,Toronto Blue Jays,,,1785010200,Fenway Park,Boston
Baseball,MLB,,,Boston Red Sox,Toronto Blue Jays,,,1785087300,Fenway Park,Boston
Baseball,MLB,,,Washington Nationals,Toronto Blue Jays,,,1785192300,Nationals Park,Washington D.C.
Baseball,MLB,,,Washington Nationals,Toronto Blue Jays,,,1785278700,Nationals Park,Washington D.C.
Baseball,MLB,,,Washington Nationals,Toronto Blue Jays,,,1785344700,Nationals Park,Washington D.C.
Baseball,MLB,,,Toronto Blue Jays,St. Louis Cardinals,,,1785539220,Rogers Centre,Toronto
Baseball,MLB,,,Toronto Blue Jays,St. Louis Cardinals,,,1785611220,Rogers Centre,Toronto
Baseball,MLB,,,Toronto Blue Jays,St. Louis Cardinals,,,1785692220,Rogers Centre,Toronto
Baseball,MLB,,,Houston Astros,Toronto Blue Jays,,,1785802200,Daikin Park,Houston
Baseball,MLB,,,Houston Astros,Toronto Blue Jays,,,1785888600,Daikin Park,Houston
Baseball,MLB,,,Houston Astros,Toronto Blue Jays,,,1785953400,Daikin Park,Houston
Baseball,MLB,,,Philadelphia Phillies,Toronto Blue Jays,,,1786142400,Citizens Bank Park,Philadelphia
Baseball,MLB,,,Philadelphia Phillies,Toronto Blue Jays,,,1786226700,Citizens Bank Park,Philadelphia
Baseball,MLB,,,Philadelphia Phillies,Toronto Blue Jays,,,1786296900,Citizens Bank Park,Philadelphia
Baseball,MLB,,,Toronto Blue Jays,Boston Red Sox,,,1786403220,Rogers Centre,Toronto
Baseball,MLB,,,Toronto Blue Jays,Boston Red Sox,,,1786489620,Rogers Centre,Toronto
Baseball,MLB,,,Toronto Blue Jays,Boston Red Sox,,,1786576020,Rogers Centre,Toronto
Baseball,MLB,,,Toronto Blue Jays,Boston Red Sox,,,1786648020,Rogers Centre,Toronto
Baseball,MLB,,,Toronto Blue Jays,New York Yankees,,,1786748820,Rogers Centre,Toronto
Baseball,MLB,,,Toronto Blue Jays,New York Yankees,,,1786820820,Rogers Centre,Toronto
Baseball,MLB,,,Toronto Blue Jays,New York Yankees,,,1786901820,Rogers Centre,Toronto
Baseball,MLB,,,Tampa Bay Rays,Toronto Blue Jays,,,1787092800,Tropicana Field,Saint Petersburg
Baseball,MLB,,,Tampa Bay Rays,Toronto Blue Jays,,,1787179200,Tropicana Field,Saint Petersburg
Baseball,MLB,,,Tampa Bay Rays,Toronto Blue Jays,,,1787245800,Tropicana Field,Saint Petersburg
Baseball,MLB,,,New York Yankees,Toronto Blue Jays,,,1787353500,Yankee Stadium,New York City
Baseball,MLB,,,New York Yankees,Toronto Blue Jays,,,1787420100,Yankee Stadium,New York City
Baseball,MLB,,,New York Yankees,Toronto Blue Jays,,,1787506500,Yankee Stadium,New York City
Baseball,MLB,,,Toronto Blue Jays,Kansas City Royals,,,1787699220,Rogers Centre,Toronto
Baseball,MLB,,,Toronto Blue Jays,Kansas City Royals,,,1787785620,Rogers Centre,Toronto
Baseball,MLB,,,Toronto Blue Jays,Kansas City Royals,,,1787872020,Rogers Centre,Toronto
Baseball,MLB,,,Toronto Blue Jays,Seattle Mariners,,,1787958420,Rogers Centre,Toronto
Baseball,MLB,,,Toronto Blue Jays,Seattle Mariners,,,1788030420,Rogers Centre,Toronto
Baseball,MLB,,,Toronto Blue Jays,Seattle Mariners,,,1788111420,Rogers Centre,Toronto
Baseball,MLB,,,Cleveland Guardians,Toronto Blue Jays,,,1788302400,Progressive Field,Cleveland
Baseball,MLB,,,Cleveland Guardians,Toronto Blue Jays,,,1788388800,Progressive Field,Cleveland
Baseball,MLB,,,Cleveland Guardians,Toronto Blue Jays,,,1788455400,Progressive Field,Cleveland
Baseball,MLB,,,Kansas City Royals,Toronto Blue Jays,,,1788567000,Kauffman Stadium,Kansas City
Baseball,MLB,,,Kansas City Royals,Toronto Blue Jays,,,1788649800,Kauffman Stadium,Kansas City
Baseball,MLB,,,Kansas City Royals,Toronto Blue Jays,,,1788736800,Kauffman Stadium,Kansas City
Baseball,MLB,,,Athletics,Toronto Blue Jays,,,1788833100,Sutter Health Park,West Sacramento
Baseball,MLB,,,Athletics,Toronto Blue Jays,,,1788918000,Sutter Health Park,West Sacramento
Baseball,MLB,,,Athletics,Toronto Blue Jays,,,1788980700,Sutter Health Park,West Sacramento
Baseball,MLB,,,Toronto Blue Jays,Baltimore Orioles,,,1789168020,Rogers Centre,Toronto
Baseball,MLB,,,Toronto Blue Jays,Baltimore Orioles,,,1789240020,Rogers Centre,Toronto
Baseball,MLB,,,Toronto Blue Jays,Baltimore Orioles,,,1789321020,Rogers Centre,Toronto
Baseball,MLB,,,Toronto Blue Jays,Detroit Tigers,,,1789427220,Rogers Centre,Toronto
Baseball,MLB,,,Toronto Blue Jays,Detroit Tigers,,,1789513620,Rogers Centre,Toronto
Baseball,MLB,,,Toronto Blue Jays,Detroit Tigers,,,1789585620,Rogers Centre,Toronto
Baseball,MLB,,,Texas Rangers,Toronto Blue Jays,,,1789776300,Globe Life Field,Arlington
Baseball,MLB,,,Texas Rangers,Toronto Blue Jays,,,1789859100,Globe Life Field,Arlington
Baseball,MLB,,,Texas Rangers,Toronto Blue Jays,,,1789929300,Globe Life Field,Arlington
Baseball,MLB,,,Baltimore Orioles,Toronto Blue Jays,,,1790030100,Oriole Park at Camden Yards,Baltimore
Baseball,MLB,,,Baltimore Orioles,Toronto Blue Jays,,,1790116500,Oriole Park at Camden Yards,Baltimore
Baseball,MLB,,,Baltimore Orioles,Toronto Blue Jays,,,1790202900,Oriole Park at Camden Yards,Baltimore
Baseball,MLB,,,Toronto Blue Jays,Cincinnati Reds,,,1790377620,Rogers Centre,Toronto
Baseball,MLB,,,Toronto Blue Jays,Cincinnati Reds,,,1790449620,Rogers Centre,Toronto
Baseball,MLB,,,Toronto Blue Jays,Cincinnati Reds,,,1790536020,Rogers Centre,Toronto